venue,ID,title
ACL,P19-1,Proceedings of the 57th Annual Meeting of the Association for Computational Linguistics
ACL,P19-2,Proceedings of the 57th Annual Meeting of the Association for Computational Linguistics: Student Research Workshop
ACL,P19-3,Proceedings of the 57th Annual Meeting of the Association for Computational Linguistics: System Demonstrations
ACL,P19-4,Proceedings of the 57th Annual Meeting of the Association for Computational Linguistics: Tutorial Abstracts
ACL,W19-32,Proceedings of the Fourth Social Media Mining for Health Applications (#SMM4H) Workshop & Shared Task
ACL,W19-33,Proceedings of the First International Workshop on Designing Meaning Representations
ACL,W19-34,Proceedings of the Second Workshop on Storytelling
ACL,W19-35,Proceedings of the Third Workshop on Abusive Language Online
ACL,W19-36,Proceedings of the 2019 Workshop on Widening NLP
ACL,W19-37,Proceedings of the 7th Workshop on Balto-Slavic Natural Language Processing
ACL,W19-38,Proceedings of the First Workshop on Gender Bias in Natural Language Processing
ACL,W19-39,Proceedings of the Workshop on Deep Learning and Formal Languages: Building Bridges
ACL,W19-40,Proceedings of the 13th Linguistic Annotation Workshop
ACL,W19-41,Proceedings of the First Workshop on NLP for Conversational AI
ACL,W19-42,"Proceedings of the 16th Workshop on Computational Research in Phonetics, Phonology, and Morphology"
ACL,W19-43,Proceedings of the 4th Workshop on Representation Learning for NLP (RepL4NLP-2019)
ACL,W19-44,Proceedings of the Fourteenth Workshop on Innovative Use of NLP for Building Educational Applications
ACL,W19-45,Proceedings of the 6th Workshop on Argument Mining
ACL,W19-46,Proceedings of the Fourth Arabic Natural Language Processing Workshop
ACL,W19-47,Proceedings of the 1st International Workshop on Computational Approaches to Historical Language Change
ACL,W19-48,Proceedings of the 2019 ACL Workshop BlackboxNLP: Analyzing and Interpreting Neural Networks for NLP
ACL,W19-49,Proceedings of TyP-NLP: The First Workshop on Typology for Polyglot NLP
ACL,W19-50,Proceedings of the 18th BioNLP Workshop and Shared Task
ACL,W19-51,Proceedings of the Joint Workshop on Multiword Expressions and WordNet (MWE-WN 2019)
ACL,W19-52,Proceedings of the Fourth Conference on Machine Translation (Volume 1: Research Papers)
ACL,W19-53,"Proceedings of the Fourth Conference on Machine Translation (Volume 2: Shared Task Papers, Day 1)"
ACL,W19-54,"Proceedings of the Fourth Conference on Machine Translation (Volume 3: Shared Task Papers, Day 2)"
ACL,P18-1,Proceedings of the 56th Annual Meeting of the Association for Computational Linguistics (Volume 1: Long Papers)
ACL,P18-2,Proceedings of the 56th Annual Meeting of the Association for Computational Linguistics (Volume 2: Short Papers)
ACL,P18-3,"Proceedings of ACL 2018, Student Research Workshop"
ACL,P18-4,"Proceedings of ACL 2018, System Demonstrations"
ACL,P18-5,Proceedings of the 56th Annual Meeting of the Association for Computational Linguistics: Tutorial Abstracts
ACL,W18-23,Proceedings of the BioNLP 2018 workshop
ACL,W18-24,Proceedings of the Seventh Named Entities Workshop
ACL,W18-25,Proceedings of Workshop for NLP Open Source Software (NLP-OSS)
ACL,W18-26,Proceedings of the Workshop on Machine Reading for Question Answering
ACL,W18-27,Proceedings of the 2nd Workshop on Neural Machine Translation and Generation
ACL,W18-28,Proceedings of the Eight Workshop on Cognitive Aspects of Computational Language Learning and Processing
ACL,W18-29,Proceedings of the Workshop on the Relevance of Linguistic Structure in Neural Architectures for NLP
ACL,W18-30,Proceedings of The Third Workshop on Representation Learning for NLP
ACL,W18-31,Proceedings of the First Workshop on Economics and Natural Language Processing
ACL,W18-32,Proceedings of the Third Workshop on Computational Approaches to Linguistic Code-Switching
ACL,W18-33,Proceedings of Grand Challenge and Workshop on Human Multimodal Language (Challenge-HML)
ACL,W18-34,Proceedings of the Workshop on Deep Learning Approaches for Low-Resource NLP
ACL,W18-35,Proceedings of the Sixth International Workshop on Natural Language Processing for Social Media
ACL,W18-36,Proceedings of the First Workshop on Multilingual Surface Realisation
ACL,W18-37,Proceedings of the 5th Workshop on Natural Language Processing Techniques for Educational Applications
ACL,P17-1,Proceedings of the 55th Annual Meeting of the Association for Computational Linguistics (Volume 1: Long Papers)
ACL,P17-2,Proceedings of the 55th Annual Meeting of the Association for Computational Linguistics (Volume 2: Short Papers)
ACL,P17-3,"Proceedings of ACL 2017, Student Research Workshop"
ACL,P17-4,"Proceedings of ACL 2017, System Demonstrations"
ACL,P17-5,Proceedings of the 55th Annual Meeting of the Association for Computational Linguistics: Tutorial Abstracts
ACL,P16-1,Proceedings of the 54th Annual Meeting of the Association for Computational Linguistics (Volume 1: Long Papers)
ACL,P16-2,Proceedings of the 54th Annual Meeting of the Association for Computational Linguistics (Volume 2: Short Papers)
ACL,P16-3,Proceedings of the ACL 2016 Student Research Workshop
ACL,P16-4,Proceedings of ACL-2016 System Demonstrations
ACL,P16-5,Proceedings of the 54th Annual Meeting of the Association for Computational Linguistics: Tutorial Abstracts
ACL,P15-1,Proceedings of the 53rd Annual Meeting of the Association for Computational Linguistics and the 7th International Joint Conference on Natural Language Processing (Volume 1: Long Papers)
ACL,P15-2,Proceedings of the 53rd Annual Meeting of the Association for Computational Linguistics and the 7th International Joint Conference on Natural Language Processing (Volume 2: Short Papers)
ACL,P15-3,Proceedings of the ACL-IJCNLP 2015 Student Research Workshop
ACL,P15-4,Proceedings of ACL-IJCNLP 2015 System Demonstrations
ACL,P15-5,Proceedings of the 53rd Annual Meeting of the Association for Computational Linguistics and the 7th International Joint Conference on Natural Language Processing: Tutorial Abstracts
ACL,P14-1,Proceedings of the 52nd Annual Meeting of the Association for Computational Linguistics (Volume 1: Long Papers)
ACL,P14-2,Proceedings of the 52nd Annual Meeting of the Association for Computational Linguistics (Volume 2: Short Papers)
ACL,P14-3,Proceedings of the ACL 2014 Student Research Workshop
ACL,P14-5,Proceedings of 52nd Annual Meeting of the Association for Computational Linguistics: System Demonstrations
ACL,P14-6,Proceedings of the 52nd Annual Meeting of the Association for Computational Linguistics: Tutorials
ACL,P13-1,Proceedings of the 51st Annual Meeting of the Association for Computational Linguistics (Volume 1: Long Papers)
ACL,P13-2,Proceedings of the 51st Annual Meeting of the Association for Computational Linguistics (Volume 2: Short Papers)
ACL,P13-3,51st Annual Meeting of the Association for Computational Linguistics Proceedings of the Student Research Workshop
ACL,P13-4,Proceedings of the 51st Annual Meeting of the Association for Computational Linguistics: System Demonstrations
ACL,P13-5,Proceedings of the 51st Annual Meeting of the Association for Computational Linguistics (Tutorials)
ACL,P12-1,Proceedings of the 50th Annual Meeting of the Association for Computational Linguistics (Volume 1: Long Papers)
ACL,P12-2,Proceedings of the 50th Annual Meeting of the Association for Computational Linguistics (Volume 2: Short Papers)
ACL,P12-3,Proceedings of the ACL 2012 System Demonstrations
ACL,P12-4,Proceedings of the 50th Annual Meeting of the Association for Computational Linguistics: Tutorial Abstracts
ACL,W12-32,Proceedings of the ACL-2012 Special Workshop on Rediscovering 50 Years of Discoveries
ACL,W12-33,Proceedings of ACL 2012 Student Research Workshop
ACL,P11-1,Proceedings of the 49th Annual Meeting of the Association for Computational Linguistics: Human Language Technologies
ACL,P11-2,Proceedings of the 49th Annual Meeting of the Association for Computational Linguistics: Human Language Technologies
ACL,P11-3,Proceedings of the ACL 2011 Student Session
ACL,P11-4,Proceedings of the ACL-HLT 2011 System Demonstrations
ACL,P11-5,Proceedings of the 49th Annual Meeting of the Association for Computational Linguistics: Tutorial Abstracts
ACL,P10-1,Proceedings of the 48th Annual Meeting of the Association for Computational Linguistics
ACL,P10-2,Proceedings of the ACL 2010 Conference Short Papers
ACL,P10-3,Proceedings of the ACL 2010 Student Research Workshop
ACL,P10-4,Proceedings of the ACL 2010 System Demonstrations
ACL,P10-5,Proceedings of the 48th Annual Meeting of the Association for Computational Linguistics: Tutorial Abstracts
CoNLL,K18-1,Proceedings of the 22nd Conference on Computational Natural Language Learning
CoNLL,K18-2,Proceedings of the CoNLL 2018 Shared Task: Multilingual Parsing from Raw Text to Universal Dependencies
CoNLL,K18-3,Proceedings of the CoNLL–SIGMORPHON 2018 Shared Task: Universal Morphological Reinflection
CoNLL,K17-1,Proceedings of the 21st Conference on Computational Natural Language Learning (CoNLL 2017)
CoNLL,K17-2,Proceedings of the CoNLL SIGMORPHON 2017 Shared Task: Universal Morphological Reinflection
CoNLL,K17-3,Proceedings of the CoNLL 2017 Shared Task: Multilingual Parsing from Raw Text to Universal Dependencies
CoNLL,K16-1,Proceedings of The 20th SIGNLL Conference on Computational Natural Language Learning
CoNLL,K16-2,Proceedings of the CoNLL-16 shared task
CoNLL,K15-1,Proceedings of the Nineteenth Conference on Computational Natural Language Learning
CoNLL,K15-2,Proceedings of the Nineteenth Conference on Computational Natural Language Learning - Shared Task
CoNLL,W14-16,Proceedings of the Eighteenth Conference on Computational Natural Language Learning
CoNLL,W14-17,Proceedings of the Eighteenth Conference on Computational Natural Language Learning: Shared Task
CoNLL,W13-35,Proceedings of the Seventeenth Conference on Computational Natural Language Learning
CoNLL,W13-36,Proceedings of the Seventeenth Conference on Computational Natural Language Learning: Shared Task
CoNLL,D12-1,Proceedings of the 2012 Joint Conference on Empirical Methods in Natural Language Processing and Computational Natural Language Learning
CoNLL,W12-45,Joint Conference on EMNLP and CoNLL - Shared Task
CoNLL,W11-03,Proceedings of the Fifteenth Conference on Computational Natural Language Learning
CoNLL,W11-19,Proceedings of the Fifteenth Conference on Computational Natural Language Learning: Shared Task
CoNLL,W10-29,Proceedings of the Fourteenth Conference on Computational Natural Language Learning
CoNLL,W10-30,Proceedings of the Fourteenth Conference on Computational Natural Language Learning – Shared Task
EACL,E17-1,"Proceedings of the 15th Conference of the European Chapter of the Association for Computational Linguistics: Volume 1, Long Papers"
EACL,E17-2,"Proceedings of the 15th Conference of the European Chapter of the Association for Computational Linguistics: Volume 2, Short Papers"
EACL,E17-3,Proceedings of the Software Demonstrations of the 15th Conference of the European Chapter of the Association for Computational Linguistics
EACL,E17-4,Proceedings of the Student Research Workshop at the 15th Conference of the European Chapter of the Association for Computational Linguistics
EACL,E17-5,Proceedings of the 15th Conference of the European Chapter of the Association for Computational Linguistics: Tutorial Abstracts
EACL,E14-1,Proceedings of the 14th Conference of the European Chapter of the Association for Computational Linguistics
EACL,E14-2,Proceedings of the Demonstrations at the 14th Conference of the European Chapter of the Association for Computational Linguistics
EACL,E14-3,Proceedings of the Student Research Workshop at the 14th Conference of the European Chapter of the Association for Computational Linguistics
EACL,E14-4,"Proceedings of the 14th Conference of the European Chapter of the Association for Computational Linguistics, volume 2: Short Papers"
EACL,E12-1,Proceedings of the 13th Conference of the European Chapter of the Association for Computational Linguistics
EACL,E12-2,Proceedings of the Demonstrations at the 13th Conference of the European Chapter of the Association for Computational Linguistics
EACL,E12-3,Proceedings of the Student Research Workshop at the 13th Conference of the European Chapter of the Association for Computational Linguistics
EMNLP,D18-1,Proceedings of the 2018 Conference on Empirical Methods in Natural Language Processing
EMNLP,D18-2,Proceedings of the 2018 Conference on Empirical Methods in Natural Language Processing: System Demonstrations
EMNLP,D18-3,Proceedings of the 2018 Conference on Empirical Methods in Natural Language Processing: Tutorial Abstracts
EMNLP,W18-51,Proceedings of the 2nd Workshop on Abusive Language Online (ALW2)
EMNLP,W18-52,Proceedings of the 5th Workshop on Argument Mining
EMNLP,W18-53,Proceedings of the 6th BioASQ Workshop A challenge on large-scale biomedical semantic indexing and question answering
EMNLP,W18-54,Proceedings of the 2018 EMNLP Workshop BlackboxNLP: Analyzing and Interpreting Neural Networks for NLP
EMNLP,W18-55,Proceedings of the First Workshop on Fact Extraction and VERification (FEVER)
EMNLP,W18-56,Proceedings of the Ninth International Workshop on Health Text Mining and Information Analysis
EMNLP,W18-57,Proceedings of the 2018 EMNLP Workshop SCAI: The 2nd International Workshop on Search-Oriented Conversational AI
EMNLP,W18-58,"Proceedings of the Fifteenth Workshop on Computational Research in Phonetics, Phonology, and Morphology"
EMNLP,W18-59,Proceedings of the 2018 EMNLP Workshop SMM4H: The 3rd Social Media Mining for Health Applications Workshop & Shared Task
EMNLP,W18-60,Proceedings of the Second Workshop on Universal Dependencies (UDW 2018)
EMNLP,W18-61,Proceedings of the 2018 EMNLP Workshop W-NUT: The 4th Workshop on Noisy User-generated Text
EMNLP,W18-62,"Proceedings of the 9th Workshop on Computational Approaches to Subjectivity, Sentiment and Social Media Analysis"
EMNLP,W18-63,Proceedings of the Third Conference on Machine Translation: Research Papers
EMNLP,W18-64,Proceedings of the Third Conference on Machine Translation: Shared Task Papers
EMNLP,D17-1,Proceedings of the 2017 Conference on Empirical Methods in Natural Language Processing
EMNLP,D17-2,Proceedings of the 2017 Conference on Empirical Methods in Natural Language Processing: System Demonstrations
EMNLP,D17-3,Proceedings of the 2017 Conference on Empirical Methods in Natural Language Processing: Tutorial Abstracts
EMNLP,D16-1,Proceedings of the 2016 Conference on Empirical Methods in Natural Language Processing
EMNLP,D16-2,Proceedings of the 2016 Conference on Empirical Methods in Natural Language Processing: Tutorial Abstracts
EMNLP,D15-1,Proceedings of the 2015 Conference on Empirical Methods in Natural Language Processing
EMNLP,D15-2,Proceedings of the 2015 Conference on Empirical Methods in Natural Language Processing: Tutorial Abstracts
EMNLP,D14-1,Proceedings of the 2014 Conference on Empirical Methods in Natural Language Processing (EMNLP)
EMNLP,D14-2,Proceedings of the 2014 Conference on Empirical Methods in Natural Language Processing: Tutorial Abstracts
EMNLP,D13-1,Proceedings of the 2013 Conference on Empirical Methods in Natural Language Processing
EMNLP,D12-1,Proceedings of the 2012 Joint Conference on Empirical Methods in Natural Language Processing and Computational Natural Language Learning
EMNLP,D11-1,Proceedings of the 2011 Conference on Empirical Methods in Natural Language Processing
EMNLP,D10-1,Proceedings of the 2010 Conference on Empirical Methods in Natural Language Processing
NAACL,N19-1,"Proceedings of the 2019 Conference of the North American Chapter of the Association for Computational Linguistics: Human Language Technologies, Volume 1 (Long and Short Papers)"
NAACL,N19-2,"Proceedings of the 2019 Conference of the North American Chapter of the Association for Computational Linguistics: Human Language Technologies, Volume 2 (Industry Papers)"
NAACL,N19-3,Proceedings of the 2019 Conference of the North American Chapter of the Association for Computational Linguistics: Student Research Workshop
NAACL,N19-4,Proceedings of the 2019 Conference of the North American Chapter of the Association for Computational Linguistics (Demonstrations)
NAACL,N19-5,Proceedings of the 2019 Conference of the North American Chapter of the Association for Computational Linguistics: Tutorials
NAACL,W19-13,"Proceedings of the Tenth Workshop on Computational Approaches to Subjectivity, Sentiment and Social Media Analysis"
NAACL,W19-14,"Proceedings of the Sixth Workshop on NLP for Similar Languages, Varieties and Dialects"
NAACL,W19-15,Proceedings of the Third Workshop on Structured Prediction for NLP
NAACL,W19-16,Proceedings of the Combined Workshop on Spatial Language Understanding (SpLU) and Grounded Communication for Robotics (RoboNLP)
NAACL,W19-17,Proceedings of the Eighth Workshop on Speech and Language Processing for Assistive Technologies
NAACL,W19-18,Proceedings of the Second Workshop on Shortcomings in Vision and Language
NAACL,W19-19,Proceedings of the 2nd Clinical Natural Language Processing Workshop
NAACL,W19-20,Proceedings of the 3rd Workshop on Evaluating Vector Space Representations for NLP
NAACL,W19-21,Proceedings of the Third Workshop on Natural Language Processing and Computational Social Science
NAACL,W19-22,Proceedings of the Natural Legal Language Processing Workshop 2019
NAACL,W19-23,Proceedings of the Workshop on Methods for Optimizing and Evaluating Neural Language Generation
NAACL,W19-24,Proceedings of the First Workshop on Narrative Understanding
NAACL,W19-25,"Proceedings of the 3rd Joint SIGHUM Workshop on Computational Linguistics for Cultural Heritage, Social Sciences, Humanities and Literature"
NAACL,W19-26,Proceedings of the Workshop on Extracting Structured Knowledge from Scientific Publications
NAACL,W19-27,Proceedings of the Workshop on Discourse Relation Parsing and Treebanking 2019
NAACL,W19-28,"Proceedings of the Second Workshop on Computational Models of Reference, Anaphora and Coreference"
NAACL,W19-29,Proceedings of the Workshop on Cognitive Modeling and Computational Linguistics
NAACL,W19-30,Proceedings of the Sixth Workshop on Computational Linguistics and Clinical Psychology
NAACL,N18-1,"Proceedings of the 2018 Conference of the North American Chapter of the Association for Computational Linguistics: Human Language Technologies, Volume 1 (Long Papers)"
NAACL,N18-2,"Proceedings of the 2018 Conference of the North American Chapter of the Association for Computational Linguistics: Human Language Technologies, Volume 2 (Short Papers)"
NAACL,N18-3,"Proceedings of the 2018 Conference of the North American Chapter of the Association for Computational Linguistics: Human Language Technologies, Volume 3 (Industry Papers)"
NAACL,N18-4,Proceedings of the 2018 Conference of the North American Chapter of the Association for Computational Linguistics: Student Research Workshop
NAACL,N18-5,Proceedings of the 2018 Conference of the North American Chapter of the Association for Computational Linguistics: Demonstrations
NAACL,N18-6,Proceedings of the 2018 Conference of the North American Chapter of the Association for Computational Linguistics: Tutorial Abstracts
NAACL,W18-05,Proceedings of the Thirteenth Workshop on Innovative Use of NLP for Building Educational Applications
NAACL,W18-06,Proceedings of the Fifth Workshop on Computational Linguistics and Clinical Psychology: From Keyboard to Clinic
NAACL,W18-07,"Proceedings of the First Workshop on Computational Models of Reference, Anaphora and Coreference"
NAACL,W18-08,Proceedings of the Second ACL Workshop on Ethics in Natural Language Processing
NAACL,W18-09,Proceedings of the Workshop on Figurative Language Processing
NAACL,W18-10,Proceedings of the Workshop on Generalization in the Age of Deep Learning
NAACL,W18-11,"Proceedings of the Second Workshop on Computational Modeling of People’s Opinions, Personality, and Emotions in Social Media"
NAACL,W18-12,Proceedings of the Second Workshop on Subword/Character LEvel Models
NAACL,W18-13,Proceedings of the Workshop on Computational Semantics beyond Events and Roles
NAACL,W18-14,Proceedings of the First International Workshop on Spatial Language Understanding
NAACL,W18-15,Proceedings of the First Workshop on Storytelling
NAACL,W18-16,Proceedings of the Second Workshop on Stylistic Variation
NAACL,W18-17,Proceedings of the Twelfth Workshop on Graph-Based Methods for Natural Language Processing (TextGraphs-12)
NAACL,N16-1,Proceedings of the 2016 Conference of the North American Chapter of the Association for Computational Linguistics: Human Language Technologies
NAACL,N16-2,Proceedings of the NAACL Student Research Workshop
NAACL,N16-3,Proceedings of the 2016 Conference of the North American Chapter of the Association for Computational Linguistics: Demonstrations
NAACL,N16-4,Proceedings of the 2016 Conference of the North American Chapter of the Association for Computational Linguistics: Tutorial Abstracts
NAACL,N15-1,Proceedings of the 2015 Conference of the North American Chapter of the Association for Computational Linguistics: Human Language Technologies
NAACL,N15-2,Proceedings of the 2015 Conference of the North American Chapter of the Association for Computational Linguistics: Student Research Workshop
NAACL,N15-3,Proceedings of the 2015 Conference of the North American Chapter of the Association for Computational Linguistics: Demonstrations
NAACL,N15-4,Proceedings of the 2015 Conference of the North American Chapter of the Association for Computational Linguistics: Tutorial Abstracts
NAACL,N13-1,Proceedings of the 2013 Conference of the North American Chapter of the Association for Computational Linguistics: Human Language Technologies
NAACL,N13-2,Proceedings of the 2013 NAACL HLT Student Research Workshop
NAACL,N13-3,Proceedings of the 2013 NAACL HLT Demonstration Session
NAACL,N13-4,NAACL HLT 2013 Tutorial Abstracts
NAACL,N12-1,Proceedings of the 2012 Conference of the North American Chapter of the Association for Computational Linguistics: Human Language Technologies
NAACL,N12-2,Proceedings of the NAACL HLT 2012 Student Research Workshop
NAACL,N12-3,Proceedings of the Demonstration Session at the Conference of the North American Chapter of the Association for Computational Linguistics: Human Language Technologies
NAACL,N12-4,Tutorial Abstracts at the Conference of the North American Chapter of the Association for Computational Linguistics: Human Language Technologies
NAACL,W12-18,NAACL-HLT Workshop on Future directions and needs in the Spoken Dialog Community: Tools and Data (SDCTD 2012)
NAACL,W12-19,Proceedings of the NAACL-HLT Workshop on the Induction of Linguistic Structure
NAACL,W12-25,Proceedings of the NAACL-HLT 2012 Workshop on Computational Linguistics for Literature
NAACL,W12-27,Proceedings of the NAACL-HLT 2012 Workshop: Will We Ever Really Replace the N-gram Model? On the Future of Language Modeling for HLT
NAACL,N10-1,Human Language Technologies: The 2010 Annual Conference of the North American Chapter of the Association for Computational Linguistics
NAACL,N10-2,Proceedings of the NAACL HLT 2010 Demonstration Session
NAACL,N10-3,Proceedings of the NAACL HLT 2010 Student Research Workshop
NAACL,N10-4,NAACL HLT 2010 Tutorial Abstracts
*SEMEVAL,S19-1,Proceedings of the Eighth Joint Conference on Lexical and Computational Semantics (*SEM 2019)
*SEMEVAL,S19-2,Proceedings of the 13th International Workshop on Semantic Evaluation
*SEMEVAL,S18-1,Proceedings of The 12th International Workshop on Semantic Evaluation
*SEMEVAL,S18-2,Proceedings of the Seventh Joint Conference on Lexical and Computational Semantics
*SEMEVAL,S17-1,Proceedings of the 6th Joint Conference on Lexical and Computational Semantics (*SEM 2017)
*SEMEVAL,S17-2,Proceedings of the 11th International Workshop on Semantic Evaluation (SemEval-2017)
*SEMEVAL,S16-1,Proceedings of the 10th International Workshop on Semantic Evaluation (SemEval-2016)
*SEMEVAL,S16-2,Proceedings of the Fifth Joint Conference on Lexical and Computational Semantics
*SEMEVAL,S15-1,Proceedings of the Fourth Joint Conference on Lexical and Computational Semantics
*SEMEVAL,S15-2,Proceedings of the 9th International Workshop on Semantic Evaluation (SemEval 2015)
*SEMEVAL,S14-1,Proceedings of the Third Joint Conference on Lexical and Computational Semantics (*SEM 2014)
*SEMEVAL,S14-2,Proceedings of the 8th International Workshop on Semantic Evaluation (SemEval 2014)
*SEMEVAL,S13-1,"Second Joint Conference on Lexical and Computational Semantics (*SEM), Volume 1: Proceedings of the Main Conference and the Shared Task: Semantic Textual Similarity"
*SEMEVAL,S13-2,"Second Joint Conference on Lexical and Computational Semantics (*SEM), Volume 2: Proceedings of the Seventh International Workshop on Semantic Evaluation (SemEval 2013)"
*SEMEVAL,S12-1,"*SEM 2012: The First Joint Conference on Lexical and Computational Semantics – Volume 1: Proceedings of the main conference and the shared task, and Volume 2: Proceedings of the Sixth International Workshop on Semantic Evaluation (SemEval 2012)"
*SEMEVAL,S10-1,Proceedings of the 5th International Workshop on Semantic Evaluation
TACL,Q19-1,"Transactions of the Association for Computational Linguistics, Volume 7"
TACL,Q18-1,"Transactions of the Association for Computational Linguistics, Volume 6"
TACL,Q17-1,"Transactions of the Association for Computational Linguistics, Volume 5"
TACL,Q16-1,"Transactions of the Association for Computational Linguistics, Volume 4"
TACL,Q15-1,"Transactions of the Association for Computational Linguistics, Volume 3"
TACL,Q14-1,"Transactions of the Association for Computational Linguistics, Volume 2"
TACL,Q13-1,"Transactions of the Association for Computational Linguistics, Volume 1"
WS,W19-01,Proceedings of the Society for Computation in Linguistics (SCiL) 2019
WS,W19-03,Proceedings of the Fifth International Workshop on Computational Linguistics for Uralic Languages
WS,W19-04,Proceedings of the 13th International Conference on Computational Semantics - Long Papers
WS,W19-05,Proceedings of the 13th International Conference on Computational Semantics - Short Papers
WS,W19-06,Proceedings of the 13th International Conference on Computational Semantics - Student Papers
WS,W19-08,RELATIONS - Workshop on meaning relations between phrases and sentences
WS,W19-09,Proceedings of the IWCS Workshop Vector Semantics for Discourse and Dialogue
WS,W19-10,"Proceedings of the IWCS 2019 Workshop on Computing Semantics with Types, Frames and Related Structures"
WS,W19-11,Proceedings of the Sixth Workshop on Natural Language and Computer Science
WS,W19-12,Proceedings of the IWCS Shared Task on Semantic Parsing
WS,W19-13,"Proceedings of the Tenth Workshop on Computational Approaches to Subjectivity, Sentiment and Social Media Analysis"
WS,W19-14,"Proceedings of the Sixth Workshop on NLP for Similar Languages, Varieties and Dialects"
WS,W19-15,Proceedings of the Third Workshop on Structured Prediction for NLP
WS,W19-16,Proceedings of the Combined Workshop on Spatial Language Understanding (SpLU) and Grounded Communication for Robotics (RoboNLP)
WS,W19-17,Proceedings of the Eighth Workshop on Speech and Language Processing for Assistive Technologies
WS,W19-18,Proceedings of the Second Workshop on Shortcomings in Vision and Language
WS,W19-19,Proceedings of the 2nd Clinical Natural Language Processing Workshop
WS,W19-20,Proceedings of the 3rd Workshop on Evaluating Vector Space Representations for NLP
WS,W19-21,Proceedings of the Third Workshop on Natural Language Processing and Computational Social Science
WS,W19-22,Proceedings of the Natural Legal Language Processing Workshop 2019
WS,W19-23,Proceedings of the Workshop on Methods for Optimizing and Evaluating Neural Language Generation
WS,W19-24,Proceedings of the First Workshop on Narrative Understanding
WS,W19-25,"Proceedings of the 3rd Joint SIGHUM Workshop on Computational Linguistics for Cultural Heritage, Social Sciences, Humanities and Literature"
WS,W19-26,Proceedings of the Workshop on Extracting Structured Knowledge from Scientific Publications
WS,W19-27,Proceedings of the Workshop on Discourse Relation Parsing and Treebanking 2019
WS,W19-28,"Proceedings of the Second Workshop on Computational Models of Reference, Anaphora and Coreference"
WS,W19-29,Proceedings of the Workshop on Cognitive Modeling and Computational Linguistics
WS,W19-30,Proceedings of the Sixth Workshop on Computational Linguistics and Clinical Psychology
WS,W19-31,Proceedings of the 14th International Conference on Finite-State Methods and Natural Language Processing
WS,W19-32,Proceedings of the Fourth Social Media Mining for Health Applications (#SMM4H) Workshop & Shared Task
WS,W19-33,Proceedings of the First International Workshop on Designing Meaning Representations
WS,W19-34,Proceedings of the Second Workshop on Storytelling
WS,W19-35,Proceedings of the Third Workshop on Abusive Language Online
WS,W19-36,Proceedings of the 2019 Workshop on Widening NLP
WS,W19-37,Proceedings of the 7th Workshop on Balto-Slavic Natural Language Processing
WS,W19-38,Proceedings of the First Workshop on Gender Bias in Natural Language Processing
WS,W19-39,Proceedings of the Workshop on Deep Learning and Formal Languages: Building Bridges
WS,W19-40,Proceedings of the 13th Linguistic Annotation Workshop
WS,W19-41,Proceedings of the First Workshop on NLP for Conversational AI
WS,W19-42,"Proceedings of the 16th Workshop on Computational Research in Phonetics, Phonology, and Morphology"
WS,W19-43,Proceedings of the 4th Workshop on Representation Learning for NLP (RepL4NLP-2019)
WS,W19-44,Proceedings of the Fourteenth Workshop on Innovative Use of NLP for Building Educational Applications
WS,W19-45,Proceedings of the 6th Workshop on Argument Mining
WS,W19-46,Proceedings of the Fourth Arabic Natural Language Processing Workshop
WS,W19-47,Proceedings of the 1st International Workshop on Computational Approaches to Historical Language Change
WS,W19-48,Proceedings of the 2019 ACL Workshop BlackboxNLP: Analyzing and Interpreting Neural Networks for NLP
WS,W19-49,Proceedings of TyP-NLP: The First Workshop on Typology for Polyglot NLP
WS,W19-50,Proceedings of the 18th BioNLP Workshop and Shared Task
WS,W19-51,Proceedings of the Joint Workshop on Multiword Expressions and WordNet (MWE-WN 2019)
WS,W19-52,Proceedings of the Fourth Conference on Machine Translation (Volume 1: Research Papers)
WS,W19-53,"Proceedings of the Fourth Conference on Machine Translation (Volume 2: Shared Task Papers, Day 1)"
WS,W19-54,"Proceedings of the Fourth Conference on Machine Translation (Volume 3: Shared Task Papers, Day 2)"
WS,W19-55,Proceedings of the First Workshop on Financial Technology and Natural Language Processing
WS,W19-56,Proceedings of the 3rd Workshop on Arabic Corpus Linguistics
WS,W19-57,Proceedings of the 16th Meeting on the Mathematics of Language
WS,W19-58,Proceedings of the 5th Workshop on Semantic Deep Learning (SemDeep-5)
WS,W19-59,Proceedings of the 20th Annual SIGdial Meeting on Discourse and Dialogue
WS,W19-60,Proceedings of the 3rd Workshop on the Use of Computational Methods in the Study of Endangered Languages Volume 1 (Papers)
WS,W19-61,Proceedings of the 22nd Nordic Conference on Computational Linguistics
WS,W19-62,Proceedings of the First NLPL Workshop on Deep Learning for Natural Language Processing
WS,W19-63,Proceedings of the 8th Workshop on NLP for Computer Assisted Language Learning
WS,W19-64,Proceedings of the Second Financial Narrative Processing Workshop (FNP 2019)
WS,W19-65,Proceedings of the Workshop on NLP and Pseudonymisation
WS,W19-66,Proceedings of Machine Translation Summit XVII Volume 1: Research Track
WS,W19-67,"Proceedings of Machine Translation Summit XVII Volume 2: Translator, Project and User Tracks"
WS,W19-68,Proceedings of the 2nd Workshop on Technologies for MT of Low Resource Languages
WS,W19-69,Proceedings of the Celtic Language Technology Workshop
WS,W19-70,Proceedings of the Second MEMENTO workshop on Modelling Parameters of Cognitive Effort in Translation Production
WS,W19-71,Proceedings of the Second Workshop on Multilingualism at the Intersection of Knowledge Bases and Machine Translation
WS,W19-72,Proceedings of The 8th Workshop on Patent and Scientific Literature Translation
WS,W19-73,Proceedings of the Qualities of Literary Machine Translation
WS,W19-74,Proceedings of the 3rd International Conference on Natural Language and Speech Processing
WS,W19-75,Proceedings of the 6th International Sanskrit Computational Linguistics Symposium
WS,W19-76,Proceedings of Machine Translation Summit XVII Volume 3: Tutorial Abstracts
WS,W19-77,"Proceedings of the Fifth International Conference on Dependency Linguistics (Depling, SyntaxFest 2019)"
WS,W19-78,"Proceedings of the 18th International Workshop on Treebanks and Linguistic Theories (TLT, SyntaxFest 2019)"
WS,W19-79,"Proceedings of the First Workshop on Quantitative Syntax (Quasy, SyntaxFest 2019)"
WS,W19-80,"Proceedings of the Third Workshop on Universal Dependencies (UDW, SyntaxFest 2019)"
WS,W18-01,Proceedings of the 8th Workshop on Cognitive Modeling and Computational Linguistics (CMCL 2018)
WS,W18-02,Proceedings of the Fourth International Workshop on Computational Linguistics of Uralic Languages
WS,W18-03,Proceedings of the Society for Computation in Linguistics (SCiL) 2018
WS,W18-05,Proceedings of the Thirteenth Workshop on Innovative Use of NLP for Building Educational Applications
WS,W18-06,Proceedings of the Fifth Workshop on Computational Linguistics and Clinical Psychology: From Keyboard to Clinic
WS,W18-07,"Proceedings of the First Workshop on Computational Models of Reference, Anaphora and Coreference"
WS,W18-08,Proceedings of the Second ACL Workshop on Ethics in Natural Language Processing
WS,W18-09,Proceedings of the Workshop on Figurative Language Processing
WS,W18-10,Proceedings of the Workshop on Generalization in the Age of Deep Learning
WS,W18-11,"Proceedings of the Second Workshop on Computational Modeling of People’s Opinions, Personality, and Emotions in Social Media"
WS,W18-12,Proceedings of the Second Workshop on Subword/Character LEvel Models
WS,W18-13,Proceedings of the Workshop on Computational Semantics beyond Events and Roles
WS,W18-14,Proceedings of the First International Workshop on Spatial Language Understanding
WS,W18-15,Proceedings of the First Workshop on Storytelling
WS,W18-16,Proceedings of the Second Workshop on Stylistic Variation
WS,W18-17,Proceedings of the Twelfth Workshop on Graph-Based Methods for Natural Language Processing (TextGraphs-12)
WS,W18-18,Proceedings of the 13th Conference of the Association for Machine Translation in the Americas (Volume 1: Research Papers)
WS,W18-19,Proceedings of the 13th Conference of the Association for Machine Translation in the Americas (Volume 2: User Papers)
WS,W18-20,Proceedings of the AMTA 2018 Workshop on The Role of Authoritative Standards in the MT Environment
WS,W18-21,Proceedings of the AMTA 2018 Workshop on Translation Quality Estimation and Automatic Post-Editing
WS,W18-22,Proceedings of the AMTA 2018 Workshop on Technologies for MT of Low Resource Languages (LoResMT 2018)
WS,W18-23,Proceedings of the BioNLP 2018 workshop
WS,W18-24,Proceedings of the Seventh Named Entities Workshop
WS,W18-25,Proceedings of Workshop for NLP Open Source Software (NLP-OSS)
WS,W18-26,Proceedings of the Workshop on Machine Reading for Question Answering
WS,W18-27,Proceedings of the 2nd Workshop on Neural Machine Translation and Generation
WS,W18-28,Proceedings of the Eight Workshop on Cognitive Aspects of Computational Language Learning and Processing
WS,W18-29,Proceedings of the Workshop on the Relevance of Linguistic Structure in Neural Architectures for NLP
WS,W18-30,Proceedings of The Third Workshop on Representation Learning for NLP
WS,W18-31,Proceedings of the First Workshop on Economics and Natural Language Processing
WS,W18-32,Proceedings of the Third Workshop on Computational Approaches to Linguistic Code-Switching
WS,W18-33,Proceedings of Grand Challenge and Workshop on Human Multimodal Language (Challenge-HML)
WS,W18-34,Proceedings of the Workshop on Deep Learning Approaches for Low-Resource NLP
WS,W18-35,Proceedings of the Sixth International Workshop on Natural Language Processing for Social Media
WS,W18-36,Proceedings of the First Workshop on Multilingual Surface Realisation
WS,W18-37,Proceedings of the 5th Workshop on Natural Language Processing Techniques for Educational Applications
WS,W18-38,Proceedings of the First Workshop on Linguistic Resources for Natural Language Processing
WS,W18-39,"Proceedings of the Fifth Workshop on NLP for Similar Languages, Varieties and Dialects (VarDial 2018)"
WS,W18-40,Proceedings of the Third Workshop on Semantic Deep Learning
WS,W18-41,Proceedings of the First International Workshop on Language Cognition and Computational Models
WS,W18-42,Proceedings of the First Workshop on Natural Language Processing for Internet Freedom
WS,W18-43,Proceedings of the Workshop Events and Stories in the News 2018
WS,W18-44,"Proceedings of the First Workshop on Trolling, Aggression and Cyberbullying (TRAC-2018)"
WS,W18-45,"Proceedings of the Second Joint SIGHUM Workshop on Computational Linguistics for Cultural Heritage, Social Sciences, Humanities and Literature"
WS,W18-46,Proceedings of the Workshop on Linguistic Complexity and Natural Language Processing
WS,W18-47,Proceedings 14th Joint ACL - ISO Workshop on Interoperable Semantic Annotation
WS,W18-48,Proceedings of the Workshop on Computational Modeling of Polysynthetic Languages
WS,W18-49,"Proceedings of the Joint Workshop on Linguistic Annotation, Multiword Expressions and Constructions (LAW-MWE-CxG-2018)"
WS,W18-50,Proceedings of the 19th Annual SIGdial Meeting on Discourse and Dialogue
WS,W18-51,Proceedings of the 2nd Workshop on Abusive Language Online (ALW2)
WS,W18-52,Proceedings of the 5th Workshop on Argument Mining
WS,W18-53,Proceedings of the 6th BioASQ Workshop A challenge on large-scale biomedical semantic indexing and question answering
WS,W18-54,Proceedings of the 2018 EMNLP Workshop BlackboxNLP: Analyzing and Interpreting Neural Networks for NLP
WS,W18-55,Proceedings of the First Workshop on Fact Extraction and VERification (FEVER)
WS,W18-56,Proceedings of the Ninth International Workshop on Health Text Mining and Information Analysis
WS,W18-57,Proceedings of the 2018 EMNLP Workshop SCAI: The 2nd International Workshop on Search-Oriented Conversational AI
WS,W18-58,"Proceedings of the Fifteenth Workshop on Computational Research in Phonetics, Phonology, and Morphology"
WS,W18-59,Proceedings of the 2018 EMNLP Workshop SMM4H: The 3rd Social Media Mining for Health Applications Workshop & Shared Task
WS,W18-60,Proceedings of the Second Workshop on Universal Dependencies (UDW 2018)
WS,W18-61,Proceedings of the 2018 EMNLP Workshop W-NUT: The 4th Workshop on Noisy User-generated Text
WS,W18-62,"Proceedings of the 9th Workshop on Computational Approaches to Subjectivity, Sentiment and Social Media Analysis"
WS,W18-63,Proceedings of the Third Conference on Machine Translation: Research Papers
WS,W18-64,Proceedings of the Third Conference on Machine Translation: Shared Task Papers
WS,W18-65,Proceedings of the 11th International Conference on Natural Language Generation
WS,W18-66,Proceedings of the 3rd Workshop on Computational Creativity in Natural Language Generation (CC-NLG 2018)
WS,W18-67,Proceedings of the Workshop on Intelligent Interactive Systems and Language Generation (2IS&NLG)
WS,W18-69,Proceedings of the Workshop on NLG for Human–Robot Interaction
WS,W18-70,Proceedings of the 1st Workshop on Automatic Text Adaptation (ATA)
WS,W18-71,Proceedings of the 7th workshop on NLP for Computer Assisted Language Learning
WS,W17-01,Proceedings of the 2nd Workshop on the Use of Computational Methods in the Study of Endangered Languages
WS,W17-02,Proceedings of the 21st Nordic Conference on Computational Linguistics
WS,W17-03,Proceedings of the joint workshop on NLP for Computer Assisted Language Learning and NLP for Language Acquisition
WS,W17-04,Proceedings of the NoDaLiDa 2017 Workshop on Universal Dependencies (UDW 2017)
WS,W17-05,Proceedings of the NoDaLiDa 2017 Workshop on Processing Historical Language
WS,W17-06,Proceedings of the Third Workshop on Computational Linguistics for Uralic Languages
WS,W17-07,Proceedings of the 7th Workshop on Cognitive Modeling and Computational Linguistics (CMCL 2017)
WS,W17-08,Proceedings of the 11th Linguistic Annotation Workshop
WS,W17-09,"Proceedings of the 2nd Workshop on Linking Models of Lexical, Sentential and Discourse-level Semantics"
WS,W17-10,Proceedings of the MultiLing 2017 Workshop on Summarization and Summary Evaluation Across Source Types and Genres
WS,W17-11,Proceedings of the Fifth International Workshop on Natural Language Processing for Social Media
WS,W17-12,"Proceedings of the Fourth Workshop on NLP for Similar Languages, Varieties and Dialects (VarDial)"
WS,W17-13,Proceedings of the Third Arabic Natural Language Processing Workshop
WS,W17-14,Proceedings of the 6th Workshop on Balto-Slavic Natural Language Processing
WS,W17-15,Proceedings of the 2nd Workshop on Coreference Resolution Beyond OntoNotes (CORBON 2017)
WS,W17-16,Proceedings of the First ACL Workshop on Ethics in Natural Language Processing
WS,W17-17,Proceedings of the 13th Workshop on Multiword Expressions (MWE 2017)
WS,W17-18,Proceedings of the Workshop Computational Semantics Beyond Events and Roles
WS,W17-19,"Proceedings of the 1st Workshop on Sense, Concept and Entity Representations and their Applications"
WS,W17-20,Proceedings of the Sixth Workshop on Vision and Language
WS,W17-22,"Proceedings of the Joint SIGHUM Workshop on Computational Linguistics for Cultural Heritage, Social Sciences, Humanities and Literature"
WS,W17-23,BioNLP 2017
WS,W17-24,Proceedings of TextGraphs-11: the Workshop on Graph-based Methods for Natural Language Processing
WS,W17-25,Proceedings of the 10th Workshop on Building and Using Comparable Corpora
WS,W17-26,Proceedings of the 2nd Workshop on Representation Learning for NLP
WS,W17-27,Proceedings of the Events and Stories in the News Workshop
WS,W17-28,Proceedings of the First Workshop on Language Grounding for Robotics
WS,W17-29,Proceedings of the Second Workshop on NLP and Computational Social Science
WS,W17-30,Proceedings of the First Workshop on Abusive Language Online
WS,W17-31,Proceedings of the Fourth Workshop on Computational Linguistics and Clinical Psychology — From Linguistic Signal to Clinical Reality
WS,W17-32,Proceedings of the First Workshop on Neural Machine Translation
WS,W17-34,Proceedings of the 15th Meeting on the Mathematics of Language
WS,W17-35,Proceedings of the 10th International Conference on Natural Language Generation
WS,W17-36,Proceedings of the 6th Workshop on Recent Advances in RST and Related Formalisms
WS,W17-37,Proceedings of the 1st Workshop on Explainable Computational Intelligence (XCI 2017)
WS,W17-38,Proceedings of the Linguistic Resources for Automatic Natural Language Generation - LiRA@NLG
WS,W17-39,Proceedings of the Workshop on Computational Creativity in Natural Language Generation (CC-NLG 2017)
WS,W17-40,Proceedings of the 13th International Conference on Finite State Methods and Natural Language Processing (FSMNLP 2017)
WS,W17-41,Proceedings of the First Workshop on Subword and Character Level Models in NLP
WS,W17-42,Proceedings of the 2017 EMNLP Workshop: Natural Language Processing meets Journalism
WS,W17-43,Proceedings of the 2nd Workshop on Structured Prediction for Natural Language Processing
WS,W17-44,Proceedings of the 3rd Workshop on Noisy User-generated Text
WS,W17-45,Proceedings of the Workshop on New Frontiers in Summarization
WS,W17-46,Proceedings of the Workshop on Speech-Centric Natural Language Processing
WS,W17-47,Proceedings of the Second Conference on Machine Translation
WS,W17-48,Proceedings of the Third Workshop on Discourse in Machine Translation
WS,W17-49,Proceedings of the Workshop on Stylistic Variation
WS,W17-50,Proceedings of the 12th Workshop on Innovative Use of NLP for Building Educational Applications
WS,W17-51,Proceedings of the 4th Workshop on Argument Mining
WS,W17-52,"Proceedings of the 8th Workshop on Computational Approaches to Subjectivity, Sentiment and Social Media Analysis"
WS,W17-53,Proceedings of the 2nd Workshop on Evaluating Vector Space Representations for NLP
WS,W17-54,Proceedings of the First Workshop on Building Linguistically Generalizable NLP Systems
WS,W17-55,Proceedings of the 18th Annual SIGdial Meeting on Discourse and Dialogue
WS,W17-56,Proceedings of the First Workshop on Curation and Applications of Parallel and Comparable Corpora
WS,W17-57,Proceedings of the 4th Workshop on Asian Translation (WAT2017)
WS,W17-58,Proceedings of the International Workshop on Digital Disease Detection using Social Media 2017 (DDDSM-2017)
WS,W17-59,Proceedings of the 4th Workshop on Natural Language Processing Techniques for Educational Applications (NLPTEA 2017)
WS,W17-60,Proceedings of the 9th SIGHAN Workshop on Chinese Language Processing
WS,W17-62,Proceedings of the 13th International Workshop on Tree Adjoining Grammars and Related Formalisms
WS,W17-63,Proceedings of the 15th International Conference on Parsing Technologies
WS,W17-65,Proceedings of the Fourth International Conference on Dependency Linguistics (Depling 2017)
WS,W17-66,Proceedings of the 11th Brazilian Symposium in Information and Human Language Technology
WS,W17-68,IWCS 2017 - 12th International Conference on Computational Semantics - Long papers
WS,W17-69,IWCS 2017 — 12th International Conference on Computational Semantics — Short papers
WS,W17-70,"Proceedings of Language, Ontology, Terminology and Knowledge Structures Workshop (LOTKS 2017)"
WS,W17-71,Proceedings of the IWCS workshop on Foundations of Situated and Multimodal Communication
WS,W17-72,Proceedings of the Computing Natural Language Inference Workshop
WS,W17-73,Proceedings of the 2nd Workshop on Semantic Deep Learning (SemDeep-2)
WS,W17-74,Proceedings of the 13th Joint ISO-ACL Workshop on Interoperable Semantic Annotation (ISA-13)
WS,W17-75,Proceedings of the 14th International Conference on Natural Language Processing (ICON-2017)
WS,W17-76,Proceedings of the 16th International Workshop on Treebanks and Linguistic Theories
WS,W17-77,Proceedings of the 1st Workshop on Natural Language Processing and Information Retrieval associated with RANLP 2017
WS,W17-78,Proceedings of the Workshop Knowledge Resources for the Socio-Economic Sciences and Humanities associated with RANLP 2017
WS,W17-79,Proceedings of the Workshop Human-Informed Translation and Interpreting Technology
WS,W17-80,Proceedings of the Biomedical NLP Workshop associated with RANLP 2017
WS,W17-81,Proceedings of the First Workshop on Language technology for Digital Humanities in Central and (South-)Eastern Europe
WS,W16-01,Proceedings of the Workshop on Human-Computer Question Answering
WS,W16-02,Proceedings of the Fifth Workshop on Computational Linguistics for Literature
WS,W16-03,Proceedings of the Third Workshop on Computational Linguistics and Clinical Psychology
WS,W16-04,"Proceedings of the 7th Workshop on Computational Approaches to Subjectivity, Sentiment and Social Media Analysis"
WS,W16-05,Proceedings of the 11th Workshop on Innovative Use of NLP for Building Educational Applications
WS,W16-06,Proceedings of the 2nd Workshop on Semantics-Driven Machine Translation (SedMT 2016)
WS,W16-07,Proceedings of the Workshop on Coreference Resolution Beyond OntoNotes (CORBON 2016)
WS,W16-08,Proceedings of the Second Workshop on Computational Approaches to Deception Detection
WS,W16-09,Proceedings of the Workshop on Discontinuous Structures in Natural Language Processing
WS,W16-10,Proceedings of the Fourth Workshop on Events
WS,W16-11,Proceedings of the Fourth Workshop on Metaphor in NLP
WS,W16-12,Proceedings of the Workshop on Multilingual and Cross-lingual Methods in NLP
WS,W16-13,Proceedings of the 5th Workshop on Automated Knowledge Base Construction
WS,W16-14,Proceedings of TextGraphs-10: the Workshop on Graph-based Methods for Natural Language Processing
WS,W16-15,Proceedings of the Joint Workshop on Bibliometric-enhanced Information Retrieval and Natural Language Processing for Digital Libraries (BIRNDL)
WS,W16-16,Proceedings of the 1st Workshop on Representation Learning for NLP
WS,W16-17,Proceedings of the 10th Linguistic Annotation Workshop held in conjunction with ACL 2016 (LAW-X 2016)
WS,W16-18,Proceedings of the 12th Workshop on Multiword Expressions
WS,W16-19,Proceedings of the 7th Workshop on Cognitive Aspects of Computational Language Learning
WS,W16-20,"Proceedings of the 14th SIGMORPHON Workshop on Computational Research in Phonetics, Phonology, and Morphology"
WS,W16-21,"Proceedings of the 10th SIGHUM Workshop on Language Technology for Cultural Heritage, Social Sciences, and Humanities"
WS,W16-22,"Proceedings of the First Conference on Machine Translation: Volume 1, Research Papers"
WS,W16-23,"Proceedings of the First Conference on Machine Translation: Volume 2, Shared Task Papers"
WS,W16-24,Proceedings of the SIGFSM Workshop on Statistical NLP and Weighted Automata
WS,W16-25,Proceedings of the 1st Workshop on Evaluating Vector-Space Representations for NLP
WS,W16-26,Proceedings of the 10th Web as Corpus Workshop
WS,W16-27,Proceedings of the Sixth Named Entity Workshop
WS,W16-28,Proceedings of the Third Workshop on Argument Mining (ArgMining2016)
WS,W16-29,Proceedings of the 15th Workshop on Biomedical Natural Language Processing
WS,W16-30,Proceedings of the 4th BioNLP Shared Task Workshop
WS,W16-31,Proceedings of the Fourth BioASQ workshop
WS,W16-32,Proceedings of the 5th Workshop on Vision and Language
WS,W16-33,Proceedings of the 12th International Workshop on Tree Adjoining Grammars and Related Formalisms (TAG+12)
WS,W16-34,Proceedings of the 19th Annual Conference of the European Association for Machine Translation
WS,W16-35,Proceedings of the 2nd International Workshop on Natural Language Generation and the Semantic Web (WebNLG 2016)
WS,W16-36,Proceedings of the 17th Annual Meeting of the Special Interest Group on Discourse and Dialogue
WS,W16-37,Proceedings of the 6th Workshop on South and Southeast Asian Natural Language Processing (WSSANLP2016)
WS,W16-38,Proceedings of the Workshop on Grammar and Lexicon: interactions and interfaces (GramLex)
WS,W16-39,Proceedings of the 2nd Workshop on Noisy User-generated Text (WNUT)
WS,W16-40,Proceedings of the Workshop on Language Technology Resources and Tools for Digital Humanities (LT4DH)
WS,W16-41,Proceedings of the Workshop on Computational Linguistics for Linguistic Complexity (CL4LC)
WS,W16-42,Proceedings of the Clinical Natural Language Processing Workshop (ClinicalNLP)
WS,W16-43,"Proceedings of the Workshop on Computational Modeling of People’s Opinions, Personality, and Emotions in Social Media (PEOPLES)"
WS,W16-44,Proceedings of the Open Knowledge Base and Question Answering Workshop (OKBQA 2016)
WS,W16-45,Proceedings of the Sixth Workshop on Hybrid Approaches to Translation (HyTra6)
WS,W16-46,Proceedings of the 3rd Workshop on Asian Translation (WAT2016)
WS,W16-47,Proceedings of the 5th International Workshop on Computational Terminology (Computerm2016)
WS,W16-48,"Proceedings of the Third Workshop on NLP for Similar Languages, Varieties and Dialects (VarDial3)"
WS,W16-49,Proceedings of the 3rd Workshop on Natural Language Processing Techniques for Educational Applications (NLPTEA2016)
WS,W16-50,Proceedings of the Workshop on Extra-Propositional Aspects of Meaning in Computational Linguistics (ExProM)
WS,W16-51,Proceedings of the Fifth Workshop on Building and Evaluating Resources for Biomedical Text Mining (BioTxtM2016)
WS,W16-52,Proceedings of the Third International Workshop on Worldwide Language Service Infrastructure and Second Workshop on Open Infrastructures and Analysis Frameworks for Human Language Technologies (WLSI/OIAF4HLT2016)
WS,W16-53,Proceedings of the 5th Workshop on Cognitive Aspects of the Lexicon (CogALex - V)
WS,W16-54,Proceedings of the 12th Workshop on Asian Language Resources (ALR12)
WS,W16-55,Proceedings of the INLG 2016 Workshop on Computational Creativity in Natural Language Generation
WS,W16-56,Proceedings of the First Workshop on NLP and Computational Social Science
WS,W16-57,Proceedings of the 2nd Workshop on Computing News Storylines (CNS 2016)
WS,W16-58,Proceedings of the Second Workshop on Computational Approaches to Code Switching
WS,W16-59,Proceedings of the Workshop on Structured Prediction for NLP
WS,W16-60,Proceedings of the Workshop on Uphill Battles in Language Processing: Scaling Early Achievements to Robust Methods
WS,W16-61,Proceedings of the Seventh International Workshop on Health Text Mining and Information Analysis
WS,W16-62,Proceedings of The Fourth International Workshop on Natural Language Processing for Social Media
WS,W16-63,Proceedings of the 13th International Conference on Natural Language Processing
WS,W16-64,Proceedings of the 2nd Deep Machine Translation Workshop
WS,W16-65,Proceedings of the joint workshop on NLP for Computer Assisted Language Learning and NLP for Language Acquisition
WS,W16-66,Proceedings of the 9th International Natural Language Generation conference
WS,W15-01,Proceedings of the 11th International Conference on Computational Semantics
WS,W15-02,Proceedings of the 11th Joint ACL-ISO Workshop on Interoperable Semantic Annotation (ISA-11)
WS,W15-03,Proceedings of the Workshop on Models for Modality Annotation
WS,W15-04,Proceedings of the 1st Workshop on Language and Ontologies
WS,W15-05,Proceedings of the 2nd Workshop on Argumentation Mining
WS,W15-06,Proceedings of the Tenth Workshop on Innovative Use of NLP for Building Educational Applications
WS,W15-07,Proceedings of the Fourth Workshop on Computational Linguistics for Literature
WS,W15-08,"Proceedings of the The 3rd Workshop on EVENTS: Definition, Detection, Coreference, and Representation"
WS,W15-09,Proceedings of the 11th Workshop on Multiword Expressions
WS,W15-10,"Proceedings of the Ninth Workshop on Syntax, Semantics and Structure in Statistical Translation"
WS,W15-11,Proceedings of the 6th Workshop on Cognitive Modeling and Computational Linguistics
WS,W15-12,Proceedings of the 2nd Workshop on Computational Linguistics and Clinical Psychology: From Linguistic Signal to Clinical Reality
WS,W15-13,Proceedings of the Second Workshop on Extra-Propositional Aspects of Meaning in Computational Semantics (ExProM 2015)
WS,W15-14,Proceedings of the Third Workshop on Metaphor in NLP
WS,W15-15,Proceedings of the 1st Workshop on Vector Space Modeling for Natural Language Processing
WS,W15-16,Proceedings of The 9th Linguistic Annotation Workshop
WS,W15-17,Proceedings of the third International Workshop on Natural Language Processing for Social Media
WS,W15-18,Proceedings of the 20th Nordic Conference of Computational Linguistics (NODALIDA 2015)
WS,W15-19,Proceedings of the fourth workshop on NLP for computer-assisted language learning
WS,W15-20,Proceedings of the workshop on Semantic resources and semantic annotation for Natural Language Processing and the Digital Humanities at NODALIDA 2015
WS,W15-21,Proceedings of the Third International Conference on Dependency Linguistics (Depling 2015)
WS,W15-22,Proceedings of the 14th International Conference on Parsing Technologies
WS,W15-23,Proceedings of the 14th Meeting on the Mathematics of Language (MoL 2015)
WS,W15-24,Proceedings of the Sixth Workshop on Cognitive Aspects of Computational Language Learning
WS,W15-25,Proceedings of the Second Workshop on Discourse in Machine Translation
WS,W15-26,Proceedings of the Sixth International Workshop on Health Text Mining and Information Analysis
WS,W15-27,"Proceedings of the First Workshop on Linking Computational Models of Lexical, Sentential and Discourse-level Semantics"
WS,W15-28,Proceedings of the Fourth Workshop on Vision and Language
WS,W15-29,"Proceedings of the 6th Workshop on Computational Approaches to Subjectivity, Sentiment and Social Media Analysis"
WS,W15-30,Proceedings of the Tenth Workshop on Statistical Machine Translation
WS,W15-31,Proceedings of the Eighth SIGHAN Workshop on Chinese Language Processing
WS,W15-32,Proceedings of the Second Workshop on Arabic Natural Language Processing
WS,W15-33,Proceedings of the Grammar Engineering Across Frameworks (GEAF) 2015 Workshop
WS,W15-34,Proceedings of the Eighth Workshop on Building and Using Comparable Corpora
WS,W15-35,Proceedings of the 1st Workshop on Semantics-Driven Statistical Machine Translation (S2MT 2015)
WS,W15-36,Proceedings of the ACL 2015 Workshop on Novel Computational Approaches to Keyphrase Extraction
WS,W15-37,"Proceedings of the 9th SIGHUM Workshop on Language Technology for Cultural Heritage, Social Sciences, and Humanities (LaTeCH)"
WS,W15-38,Proceedings of BioNLP 15
WS,W15-39,Proceedings of the Fifth Named Entity Workshop
WS,W15-40,Proceedings of the 3rd Workshop on Continuous Vector Space Models and their Compositionality
WS,W15-41,Proceedings of the Fourth Workshop on Hybrid Approaches to Translation (HyTra)
WS,W15-42,Proceedings of the 4th Workshop on Linked Data in Linguistics: Resources and Applications
WS,W15-43,Proceedings of the Workshop on Noisy User-generated Text
WS,W15-44,Proceedings of the 2nd Workshop on Natural Language Processing Techniques for Educational Applications
WS,W15-45,Proceedings of the First Workshop on Computing News Storylines
WS,W15-46,Proceedings of the 16th Annual Meeting of the Special Interest Group on Discourse and Dialogue
WS,W15-47,Proceedings of the 15th European Workshop on Natural Language Generation (ENLG)
WS,W15-48,Proceedings of the 12th International Conference on Finite-State Methods and Natural Language Processing 2015 (FSMNLP 2015 Düsseldorf)
WS,W15-49,Proceedings of the 18th Annual Conference of the European Association for Machine Translation
WS,W15-50,Proceedings of the 2nd Workshop on Asian Translation (WAT2015)
WS,W15-51,Proceedings of SLPAT 2015: 6th Workshop on Speech and Language Processing for Assistive Technologies
WS,W15-52,Proceedings of the Workshop Natural Language Processing for Translation Memories
WS,W15-53,The 5th Workshop on Balto-Slavic Natural Language Processing
WS,W15-54,"Proceedings of the Joint Workshop on Language Technology for Closely Related Languages, Varieties and Dialects"
WS,W15-55,Proceedings of the Second Workshop on Natural Language Processing and Linked Open Data
WS,W15-56,Proceedings of the 10th Brazilian Symposium in Information and Human Language Technology
WS,W15-57,Proceedings of the 1st Deep Machine Translation Workshop
WS,W15-59,Proceedings of the 12th International Conference on Natural Language Processing
WS,W14-01,Proceedings of the Seventh Global Wordnet Conference
WS,W14-02,Proceedings of the EACL 2014 Workshop on Dialogue in Motion
WS,W14-03,Proceedings of the EACL 2014 Workshop on Humans and Computer-assisted Translation
WS,W14-04,Proceedings of the 9th Web as Corpus Workshop (WaC-9)
WS,W14-05,Proceedings of the 5th Workshop on Cognitive Aspects of Computational Language Learning (CogACLL)
WS,W14-06,"Proceedings of the 8th Workshop on Language Technology for Cultural Heritage, Social Sciences, and Humanities (LaTeCH)"
WS,W14-07,Proceedings of the EACL 2014 Workshop on Computational Approaches to Causality in Language (CAtoCL)
WS,W14-08,Proceedings of the 10th Workshop on Multiword Expressions (MWE)
WS,W14-09,Proceedings of the 3rd Workshop on Computational Linguistics for Literature (CLFL)
WS,W14-10,Proceedings of the 3rd Workshop on Hybrid Approaches to Machine Translation (HyTra)
WS,W14-11,Proceedings of the 5th International Workshop on Health Text Mining and Information Analysis (Louhi)
WS,W14-12,Proceedings of the 3rd Workshop on Predicting and Improving Text Readability for Target Reader Populations (PITR)
WS,W14-13,Proceedings of the 5th Workshop on Language Analysis for Social Media (LASM)
WS,W14-14,Proceedings of the EACL 2014 Workshop on Type Theory and Natural Language Semantics (TTNLS)
WS,W14-15,Proceedings of the 2nd Workshop on Continuous Vector Space Models and their Compositionality (CVSC)
WS,W14-16,Proceedings of the Eighteenth Conference on Computational Natural Language Learning
WS,W14-17,Proceedings of the Eighteenth Conference on Computational Natural Language Learning: Shared Task
WS,W14-18,Proceedings of the Ninth Workshop on Innovative Use of NLP for Building Educational Applications
WS,W14-19,Proceedings of the 5th Workshop on Speech and Language Processing for Assistive Technologies
WS,W14-20,Proceedings of the Fifth Workshop on Cognitive Modeling and Computational Linguistics
WS,W14-21,Proceedings of the First Workshop on Argumentation Mining
WS,W14-22,Proceedings of the 2014 Workshop on the Use of Computational Methods in the Study of Endangered Languages
WS,W14-23,Proceedings of the Second Workshop on Metaphor in NLP
WS,W14-24,Proceedings of the ACL 2014 Workshop on Semantic Parsing
WS,W14-25,Proceedings of the ACL 2014 Workshop on Language Technologies and Computational Social Science
WS,W14-26,"Proceedings of the 5th Workshop on Computational Approaches to Subjectivity, Sentiment and Social Media Analysis"
WS,W14-27,Proceedings of the Joint Workshop on Social Dynamics and Personal Attributes in Social Media
WS,W14-28,Proceedings of the 2014 Joint Meeting of SIGMORPHON and SIGFSM
WS,W14-29,"Proceedings of the Second Workshop on EVENTS: Definition, Detection, Coreference, and Representation"
WS,W14-30,Proceedings of Frame Semantics in NLP: A Workshop in Honor of Chuck Fillmore (1929-2014)
WS,W14-31,"Proceedings of the Workshop on Interactive Language Learning, Visualization, and Interfaces"
WS,W14-32,Proceedings of the Workshop on Computational Linguistics and Clinical Psychology: From Linguistic Signal to Clinical Reality
WS,W14-33,Proceedings of the Ninth Workshop on Statistical Machine Translation
WS,W14-34,Proceedings of BioNLP 2014
WS,W14-35,Proceedings of the third workshop on NLP for computer-assisted language learning
WS,W14-36,Proceedings of the EMNLP 2014 Workshop on Arabic Natural Language Processing (ANLP)
WS,W14-37,Proceedings of TextGraphs-9: the workshop on Graph-based Methods for Natural Language Processing
WS,W14-39,Proceedings of the First Workshop on Computational Approaches to Code Switching
WS,W14-40,"Proceedings of SSST-8, Eighth Workshop on Syntax, Semantics and Structure in Statistical Translation"
WS,W14-41,Proceedings of the EMNLP 2014 Workshop on Analysis of Large Scale Social Interaction in MOOCs
WS,W14-42,Proceedings of the EMNLP’2014 Workshop on Language Technology for Closely Related Languages and Language Variants
WS,W14-43,Proceedings of the 15th Annual Meeting of the Special Interest Group on Discourse and Dialogue (SIGDIAL)
WS,W14-44,Proceedings of the 8th International Natural Language Generation Conference (INLG)
WS,W14-45,Proceedings of the First AHA!-Workshop on Information Discovery in Text
WS,W14-46,Proceedings of the First Celtic Language Technology Workshop
WS,W14-47,Proceedings of the 4th Workshop on Cognitive Aspects of the Lexicon (CogALex)
WS,W14-48,Proceedings of the 4th International Workshop on Computational Terminology (Computerm)
WS,W14-49,Proceedings of LAW VIII - The 8th Linguistic Annotation Workshop
WS,W14-50,Proceedings of the INLG and SIGDIAL 2014 Joint Session
WS,W14-51,Proceedings of the 11th International Conference on Natural Language Processing
WS,W14-52,Proceedings of the Workshop on Open Infrastructures and Analysis Frameworks for HLT
WS,W14-53,"Proceedings of the First Workshop on Applying NLP Tools to Similar Languages, Varieties and Dialects"
WS,W14-54,Proceedings of the Third Workshop on Vision and Language
WS,W14-55,Proceedings of the Fifth Workshop on South and Southeast Asian Natural Language Processing
WS,W14-56,Proceedings of the Workshop on Automatic Text Simplification - Methods and Applications in the Multilingual Society (ATS-MA 2014)
WS,W14-57,Proceedings of the First Workshop on Computational Approaches to Compound Analysis (ComAComA 2014)
WS,W14-58,Proceedings of Workshop on Lexical and Grammatical Resources for Language Processing
WS,W14-59,Proceedings of the Second Workshop on Natural Language Processing for Social Media (SocialNLP)
WS,W14-60,Proceedings of the COLING Workshop on Synchronic and Diachronic Approaches to Analyzing Technical Language
WS,W14-61,Proceedings of the First Joint Workshop on Statistical Parsing of Morphologically Rich Languages and Syntactic Analysis of Non-Canonical Languages
WS,W14-62,Proceedings of the Third Workshop on Semantic Web and Information Extraction
WS,W14-63,TALN-RECITAL 2014 Workshop DEFT 2014 : DÉfi Fouille de Textes (DEFT 2014 Workshop: Text Mining Challenge)
WS,W14-64,TALN-RECITAL 2014 Workshop FondamenTAL 2014 : Ressources lexicales et TAL - vue d’ensemble sur les dictionnaires électroniques de Jean Dubois et Françoise Dubois-Charlier (FondamenTAL 2014 : Lexical Resources and NLP)
WS,W14-65,TALN-RECITAL 2014 Workshop TALAf 2014 : Traitement Automatique des Langues Africaines (TALAf 2014: African Language Processing)
WS,W14-66,TALN-RECITAL 2014 Workshop SemDis 2014 : Enjeux actuels de la sémantique distributionnelle (SemDis 2014: Current Challenges in Distributional Semantics)
WS,W14-67,TALN-RECITAL 2014 Workshop RLTLN 2014 : Réseaux Lexicaux pour le TAL (RLTLN 2014 : Lexical Networks for NLP)
WS,W14-68,Proceedings of The Third CIPS-SIGHAN Joint Conference on Chinese Language Processing
WS,W14-69,Proceedings of the Workshop on Natural Language Processing in the 5th Information Systems Research Working Days (JISIC)
WS,W14-70,Proceedings of the 1st Workshop on Asian Translation (WAT2014)
WS,W13-01,Proceedings of the 10th International Conference on Computational Semantics (IWCS 2013) – Long Papers
WS,W13-02,Proceedings of the 10th International Conference on Computational Semantics (IWCS 2013) – Short Papers
WS,W13-03,Proceedings of the IWCS 2013 Workshop on Annotation of Modal Meanings in Natural Language (WAMM)
WS,W13-04,Proceedings of the IWCS 2013 Workshop on Computational Semantics in Clinical Text (CSCT 2013)
WS,W13-05,Proceedings of the 9th Joint ISO - ACL SIGSEM Workshop on Interoperable Semantic Annotation
WS,W13-06,Proceedings of the IWCS 2013 Workshop Towards a Formal Distributional Semantics
WS,W13-07,Proceedings of the IWCS 2013 Workshop on Computational Models of Spatial Language Interpretation and Generation (CoSLI-3)
WS,W13-08,"Proceedings of the Seventh Workshop on Syntax, Semantics and Structure in Statistical Translation"
WS,W13-09,Proceedings of the First Workshop on Metaphor in NLP
WS,W13-10,Proceedings of the 9th Workshop on Multiword Expressions
WS,W13-11,Proceedings of the Workshop on Language Analysis in Social Media
WS,W13-12,"Workshop on Events: Definition, Detection, Coreference, and Representation"
WS,W13-13,Proceedings of the Workshop on Vision and Natural Language Processing
WS,W13-14,Proceedings of the Workshop on Computational Linguistics for Literature
WS,W13-15,Proceedings of the Workshop on Natural Language Processing for Improving Textual Accessibility
WS,W13-16,"Proceedings of the 4th Workshop on Computational Approaches to Subjectivity, Sentiment and Social Media Analysis"
WS,W13-17,Proceedings of the Eighth Workshop on Innovative Use of NLP for Building Educational Applications
WS,W13-18,Proceedings of the 11th International Conference on Finite State Methods and Natural Language Processing
WS,W13-19,Proceedings of the 2013 Workshop on Biomedical Natural Language Processing
WS,W13-20,Proceedings of the BioNLP Shared Task 2013 Workshop
WS,W13-21,Proceedings of the 14th European Workshop on Natural Language Generation
WS,W13-22,Proceedings of the Eighth Workshop on Statistical Machine Translation
WS,W13-23,Proceedings of the 7th Linguistic Annotation Workshop and Interoperability with Discourse
WS,W13-24,Proceedings of the 4th Biennial International Workshop on Balto-Slavic Natural Language Processing
WS,W13-25,Proceedings of the Sixth Workshop on Building and Using Comparable Corpora
WS,W13-26,Proceedings of the Fourth Annual Workshop on Cognitive Modeling and Computational Linguistics (CMCL)
WS,W13-27,"Proceedings of the 7th Workshop on Language Technology for Cultural Heritage, Social Sciences, and Humanities"
WS,W13-28,Proceedings of the Second Workshop on Hybrid Approaches to Translation
WS,W13-29,Proceedings of the Second Workshop on Predicting and Improving Text Readability for Target Reader Populations
WS,W13-30,Proceedings of the 13th Meeting on the Mathematics of Language (MoL 13)
WS,W13-31,Proceedings of the MultiLing 2013 Workshop on Multilingual Multi-document Summarization
WS,W13-32,Proceedings of the Workshop on Continuous Vector Space Models and their Compositionality
WS,W13-33,Proceedings of the Workshop on Discourse in Machine Translation
WS,W13-34,Proceedings of the Fourth Workshop on Teaching NLP and CL
WS,W13-35,Proceedings of the Seventeenth Conference on Computational Natural Language Learning
WS,W13-36,Proceedings of the Seventeenth Conference on Computational Natural Language Learning: Shared Task
WS,W13-37,Proceedings of the Second International Conference on Dependency Linguistics (DepLing 2013)
WS,W13-38,Proceedings of the Joint Symposium on Semantic Processing. Textual Inference and Structures in Corpora
WS,W13-39,Proceedings of the Fourth Workshop on Speech and Language Processing for Assistive Technologies
WS,W13-40,Proceedings of the SIGDIAL 2013 Conference
WS,W13-41,Proceedings of the 3rd Workshop on Sentiment Analysis where AI meets Psychology
WS,W13-42,Proceedings of the IJCNLP 2013 Workshop on Natural Language Processing for Social Media (SocialNLP)
WS,W13-43,Proceedings of the 11th Workshop on Asian Language Resources
WS,W13-44,Proceedings of the Seventh SIGHAN Workshop on Chinese Language Processing
WS,W13-45,Proceedings of the Workshop on Language Processing and Crisis Information 2013
WS,W13-46,The First Workshop on Natural Language Processing for Medical and Healthcare Fields
WS,W13-47,Proceedings of the 4th Workshop on South and Southeast Asian Natural Language Processing
WS,W13-48,Proceedings of the 9th Brazilian Symposium in Information and Human Language Technology
WS,W13-49,Proceedings of the Fourth Workshop on Statistical Parsing of Morphologically-Rich Languages
WS,W13-50,Proceedings of TextGraphs-8 Graph-based Methods for Natural Language Processing
WS,W13-51,Proceedings of the Workshop on NLP for Medicine and Biology associated with RANLP 2013
WS,W13-52,"Proceedings of the Joint Workshop on NLP&LOD and SWAIE: Semantic Web, Linked Open Data and Information Extraction"
WS,W13-53,Proceedings of the Workshop on Adaptation of Language Resources and Tools for Closely Related Languages and Language Variants
WS,W13-54,Proceedings of the 6th International Conference on Generative Approaches to the Lexicon (GL2013)
WS,W13-55,"Proceedings of the 2nd Workshop on Linked Data in Linguistics (LDL-2013): Representing and linking lexicons, terminologies and other language data"
WS,W13-56,Proceedings of the 19th Nordic Conference of Computational Linguistics (NODALIDA 2013)
WS,W13-57,Proceedings of The 13th International Conference on Parsing Technologies (IWPT 2013)
WS,W12-01,Proceedings of the Joint Workshop on Exploiting Synergies between Information Retrieval and Machine Translation (ESIRMT) and Hybrid Approaches to Machine Translation (HyTra)
WS,W12-02,Proceedings of the EACL 2012 Joint Workshop of LINGVIS & UNCLH
WS,W12-03,Proceedings of the Second Workshop on Computational Linguistics and Writing (CL&W 2012): Linguistic and Cognitive Aspects of Document Creation and Document Engineering
WS,W12-04,Proceedings of the Workshop on Computational Approaches to Deception Detection
WS,W12-05,Proceedings of the Workshop on Innovative Hybrid Approaches to the Processing of Textual Data
WS,W12-06,Proceedings of the Workshop on Semantic Analysis in Social Media
WS,W12-07,Proceedings of the Joint Workshop on Unsupervised and Semi-Supervised Learning in NLP
WS,W12-08,Proceedings of the Workshop on Applications of Tree Automata Techniques in Natural Language Processing
WS,W12-09,Proceedings of the Workshop on Computational Models of Language Acquisition and Loss
WS,W12-10,"Proceedings of the 6th Workshop on Language Technology for Cultural Heritage, Social Sciences, and Humanities"
WS,W12-11,"JEP-TALN-RECITAL 2012, Workshop DEFT 2012: DÉfi Fouille de Textes (DEFT 2012 Workshop: Text Mining Challenge)"
WS,W12-12,"JEP-TALN-RECITAL 2012, Workshop DEGELS 2012: Défi GEste Langue des Signes (DEGELS 2012: Gestures and Sign Language Challenge)"
WS,W12-13,"JEP-TALN-RECITAL 2012, Workshop TALAf 2012: Traitement Automatique des Langues Africaines (TALAf 2012: African Language Processing)"
WS,W12-14,"JEP-TALN-RECITAL 2012, Workshop ILADI 2012: Interactions Langagières pour personnes Agées Dans les habitats Intelligents (ILADI 2012: Language Interaction for Elderly in Smart Homes)"
WS,W12-15,INLG 2012 Proceedings of the Seventh International Natural Language Generation Conference
WS,W12-16,Proceedings of the 13th Annual Meeting of the Special Interest Group on Discourse and Dialogue
WS,W12-17,Proceedings of the 3rd Workshop on Cognitive Modeling and Computational Linguistics (CMCL 2012)
WS,W12-18,NAACL-HLT Workshop on Future directions and needs in the Spoken Dialog Community: Tools and Data (SDCTD 2012)
WS,W12-19,Proceedings of the NAACL-HLT Workshop on the Induction of Linguistic Structure
WS,W12-20,Proceedings of the Seventh Workshop on Building Educational Applications Using NLP
WS,W12-21,Proceedings of the Second Workshop on Language in Social Media
WS,W12-22,Proceedings of the First Workshop on Predicting and Improving Text Readability for target reader populations
WS,W12-23,Proceedings of the Twelfth Meeting of the Special Interest Group on Computational Morphology and Phonology
WS,W12-24,BioNLP: Proceedings of the 2012 Workshop on Biomedical Natural Language Processing
WS,W12-25,Proceedings of the NAACL-HLT 2012 Workshop on Computational Linguistics for Literature
WS,W12-26,Proceedings of Workshop on Evaluation Metrics and System Comparison for Automatic Summarization
WS,W12-27,Proceedings of the NAACL-HLT 2012 Workshop: Will We Ever Really Replace the N-gram Model? On the Future of Language Modeling for HLT
WS,W12-28,Proceedings of the Second Workshop on Semantic Interpretation in an Actionable Context
WS,W12-29,Proceedings of the Third Workshop on Speech and Language Processing for Assistive Technologies
WS,W12-30,Proceedings of the Joint Workshop on Automatic Knowledge Base Construction and Web-scale Knowledge Extraction (AKBC-WEKEX)
WS,W12-31,Proceedings of the Seventh Workshop on Statistical Machine Translation
WS,W12-32,Proceedings of the ACL-2012 Special Workshop on Rediscovering 50 Years of Discoveries
WS,W12-33,Proceedings of ACL 2012 Student Research Workshop
WS,W12-34,Proceedings of the ACL 2012 Joint Workshop on Statistical Parsing and Semantic Processing of Morphologically Rich Languages
WS,W12-35,Proceedings of the 1st Workshop on Speech and Multimodal Interaction in Assistive Environments
WS,W12-36,Proceedings of the Sixth Linguistic Annotation Workshop
WS,W12-37,Proceedings of the 3rd Workshop in Computational Approaches to Subjectivity and Sentiment Analysis
WS,W12-38,Proceedings of the Workshop on Extra-Propositional Aspects of Meaning in Computational Linguistics
WS,W12-39,Proceedings of the First Workshop on Multilingual Modeling
WS,W12-40,Proceedings of the 3rd Workshop on the People’s Web Meets NLP: Collaboratively Constructed Semantic Resources and their Applications to NLP
WS,W12-41,Workshop Proceedings of TextGraphs-7: Graph-based Methods for Natural Language Processing
WS,W12-42,"Proceedings of the Sixth Workshop on Syntax, Semantics and Structure in Statistical Translation"
WS,W12-43,Proceedings of the Workshop on Detecting Structure in Scholarly Discourse
WS,W12-44,Proceedings of the 4th Named Entity Workshop (NEWS) 2012
WS,W12-45,Joint Conference on EMNLP and CoNLL - Shared Task
WS,W12-46,Proceedings of the 11th International Workshop on Tree Adjoining Grammars and Related Formalisms (TAG+11)
WS,W12-47,Proceedings of the Workshop on Advances in Discourse Analysis and its Computational Aspects
WS,W12-48,Proceedings of the Second Workshop on Advances in Text Input Methods
WS,W12-49,Proceedings of the First Workshop on Eye-tracking and Natural Language Processing
WS,W12-50,Proceedings of the 3rd Workshop on South and Southeast Asian Natural Language Processing
WS,W12-51,Proceedings of the 3rd Workshop on Cognitive Aspects of the Lexicon
WS,W12-52,Proceedings of the 10th Workshop on Asian Language Resources
WS,W12-53,Proceedings of the 2nd Workshop on Sentiment Analysis where AI meets Psychology
WS,W12-55,Proceedings of the Workshop on Information Extraction and Entity Analytics on Social Media Data
WS,W12-56,Proceedings of the Workshop on Machine Translation and Parsing in Indian Languages
WS,W12-57,Proceedings of the Second Workshop on Applying Machine Learning Techniques to Optimise the Division of Labour in Hybrid MT
WS,W12-58,Proceedings of the Workshop on Speech and Language Processing Tools in Education
WS,W12-59,Proceedings of the Workshop on Reordering for Statistical Machine Translation
WS,W12-60,Proceedings of the Workshop on Question Answering for Complex Domains
WS,W12-61,Proceedings of the First International Workshop on Optimization Techniques for Human Language Technology
WS,W12-62,Proceedings of the 10th International Workshop on Finite State Methods and Natural Language Processing
WS,W12-63,Proceedings of the Second CIPS-SIGHAN Joint Conference on Chinese Language Processing
WS,W11-01,Proceedings of the Ninth International Conference on Computational Semantics (IWCS 2011)
WS,W11-02,Proceedings of BioNLP 2011 Workshop
WS,W11-03,Proceedings of the Fifteenth Conference on Computational Natural Language Learning
WS,W11-04,Proceedings of the 5th Linguistic Annotation Workshop
WS,W11-05,"Proceedings of the Workshop on Automatic Summarization for Different Genres, Media, and Languages"
WS,W11-06,Proceedings of the 2nd Workshop on Cognitive Modeling and Computational Linguistics
WS,W11-07,Proceedings of the Workshop on Language in Social Media (LSM 2011)
WS,W11-08,Proceedings of the Workshop on Multiword Expressions: from Parsing and Generation to the Real World
WS,W11-09,Proceedings of the ACL 2011 Workshop on Relational Models of Semantics
WS,W11-10,"Proceedings of Fifth Workshop on Syntax, Semantics and Structure in Statistical Translation"
WS,W11-11,Proceedings of TextGraphs-6: Graph-based Methods for Natural Language Processing
WS,W11-12,Proceedings of the 4th Workshop on Building and Using Comparable Corpora: Comparable Corpora and the Web
WS,W11-13,Proceedings of the Workshop on Distributional Semantics and Compositionality
WS,W11-14,Proceedings of the Sixth Workshop on Innovative Use of NLP for Building Educational Applications
WS,W11-15,"Proceedings of the 5th ACL-HLT Workshop on Language Technology for Cultural Heritage, Social Sciences, and Humanities"
WS,W11-16,Proceedings of the Workshop on Monolingual Text-To-Text Generation
WS,W11-17,Proceedings of the 2nd Workshop on Computational Approaches to Subjectivity and Sentiment Analysis (WASSA 2.011)
WS,W11-18,Proceedings of BioNLP Shared Task 2011 Workshop
WS,W11-19,Proceedings of the Fifteenth Conference on Computational Natural Language Learning: Shared Task
WS,W11-20,Proceedings of the SIGDIAL 2011 Conference
WS,W11-21,Proceedings of the Sixth Workshop on Statistical Machine Translation
WS,W11-22,Proceedings of the First workshop on Unsupervised Learning in NLP
WS,W11-23,Proceedings of the Second Workshop on Speech and Language Processing for Assistive Technologies
WS,W11-24,Proceedings of the TextInfer 2011 Workshop on Textual Entailment
WS,W11-25,Proceedings of the GEMS 2011 Workshop on GEometrical Models of Natural Language Semantics
WS,W11-26,Proceedings of the First Workshop on Algorithms and Resources for Modelling of Dialects and Language Varieties
WS,W11-27,Proceedings of the UCNLG+Eval: Language Generation and Evaluation Workshop
WS,W11-28,Proceedings of the 13th European Workshop on Natural Language Generation
WS,W11-29,Proceedings of the 12th International Conference on Parsing Technologies
WS,W11-30,Proceedings of the 2nd Workshop on South Southeast Asian Natural Language Processing (WSSANLP)
WS,W11-31,Proceedings of the KRAQ11 workshop
WS,W11-32,Proceedings of the 3rd Named Entities Workshop (NEWS 2011)
WS,W11-33,"Proceedings of the Workshop on Language Resources, Technology and Services in the Sharing Paradigm"
WS,W11-34,Proceedings of the 9th Workshop on Asian Language Resources
WS,W11-35,Proceedings of the Workshop on Advances in Text Input Methods (WTIM 2011)
WS,W11-36,Proceedings of the Fifth International Workshop On Cross Lingual Information Access
WS,W11-37,Proceedings of the Workshop on Sentiment Analysis where AI meets Psychology (SAAIP 2011)
WS,W11-38,Proceedings of the Second Workshop on Statistical Parsing of Morphologically Rich Languages
WS,W11-39,Proceedings of Workshop on Robust Unsupervised and Semisupervised Methods in Natural Language Processing
WS,W11-40,Proceedings of the RANLP 2011 Workshop on Information Extraction and Knowledge Acquisition
WS,W11-41,Proceedings of the Workshop on Language Technologies for Digital Humanities and Cultural Heritage
WS,W11-42,Proceedings of the Second Workshop on Biomedical Natural Language Processing
WS,W11-43,Proceedings of The Second Workshop on Annotation and Exploitation of Parallel Corpora
WS,W11-44,Proceedings of the 9th International Workshop on Finite State Methods and Natural Language Processing
WS,W11-45,Proceedings of the 8th Brazilian Symposium in Information and Human Language Technology
WS,W11-46,Proceedings of the 18th Nordic Conference of Computational Linguistics (NODALIDA 2011)
WS,W10-01,Proceedings of the NAACL HLT 2010 Workshop on Active Learning for Natural Language Processing
WS,W10-02,Proceedings of the NAACL HLT 2010 Workshop on Computational Approaches to Analysis and Generation of Emotion in Text
WS,W10-03,Proceedings of the NAACL HLT 2010 Second Workshop on Computational Approaches to Linguistic Creativity
WS,W10-04,Proceedings of the NAACL HLT 2010 Workshop on Computational Linguistics and Writing: Writing Processes and Authoring Aids
WS,W10-05,Proceedings of the NAACL HLT 2010 Workshop on Computational Linguistics in a World of Social Media
WS,W10-06,Proceedings of the NAACL HLT 2010 First Workshop on Computational Neurolinguistics
WS,W10-07,Proceedings of the NAACL HLT 2010 Workshop on Creating Speech and Language Data with Amazon’s Mechanical Turk
WS,W10-08,Proceedings of the NAACL HLT Workshop on Extracting and Using Constructions in Computational Linguistics
WS,W10-09,Proceedings of the NAACL HLT 2010 First International Workshop on Formalisms and Methodology for Learning by Reading
WS,W10-10,Proceedings of the NAACL HLT 2010 Fifth Workshop on Innovative Use of NLP for Building Educational Applications
WS,W10-11,Proceedings of the NAACL HLT 2010 Second Louhi Workshop on Text and Data Mining of Health Documents
WS,W10-12,Proceedings of the NAACL HLT 2010 Workshop on Semantic Search
WS,W10-13,Proceedings of the NAACL HLT 2010 Workshop on Speech and Language Processing for Assistive Technologies
WS,W10-14,Proceedings of the NAACL HLT 2010 First Workshop on Statistical Parsing of Morphologically-Rich Languages
WS,W10-15,Proceedings of the NAACL HLT 2010 Sixth Web as Corpus Workshop
WS,W10-16,Proceedings of the NAACL HLT 2010 Young Investigators Workshop on Computational Approaches to Languages of the Americas
WS,W10-17,Proceedings of the Joint Fifth Workshop on Statistical Machine Translation and MetricsMATR
WS,W10-18,Proceedings of the Fourth Linguistic Annotation Workshop
WS,W10-19,Proceedings of the 2010 Workshop on Biomedical Natural Language Processing
WS,W10-20,Proceedings of the 2010 Workshop on Cognitive Modeling and Computational Linguistics
WS,W10-21,Proceedings of the 2010 Workshop on NLP and Linguistics: Finding the Common Ground
WS,W10-22,Proceedings of the 11th Meeting of the ACL Special Interest Group on Computational Morphology and Phonology
WS,W10-23,Proceedings of TextGraphs-5 - 2010 Workshop on Graph-based Methods for Natural Language Processing
WS,W10-24,Proceedings of the 2010 Named Entities Workshop
WS,W10-25,Proceedings of the 2010 Workshop on Applications of Tree Automata in Natural Language Processing
WS,W10-26,Proceedings of the 2010 Workshop on Domain Adaptation for Natural Language Processing
WS,W10-27,Proceedings of the 2010 Workshop on Companionable Dialogue Systems
WS,W10-28,Proceedings of the 2010 Workshop on GEometrical Models of Natural Language Semantics
WS,W10-29,Proceedings of the Fourteenth Conference on Computational Natural Language Learning
WS,W10-30,Proceedings of the Fourteenth Conference on Computational Natural Language Learning – Shared Task
WS,W10-31,Proceedings of the Workshop on Negation and Speculation in Natural Language Processing
WS,W10-32,Proceedings of the Eighth Workshop on Asian Language Resouces
WS,W10-33,Proceedings of the 6th Workshop on Ontologies and Lexical Resources
WS,W10-34,Proceedings of the 2nd Workshop on Cognitive Aspects of the Lexicon
WS,W10-35,Proceedings of the 2nd Workshop on The People’s Web Meets NLP: Collaboratively Constructed Semantic Resources
WS,W10-36,Proceedings of the 1st Workshop on South and Southeast Asian Natural Language Processing
WS,W10-37,Proceedings of the 2010 Workshop on Multiword Expressions: from Theory to Applications
WS,W10-38,Proceedings of the 4th Workshop on Syntax and Structure in Statistical Translation
WS,W10-39,Proceedings of the Second Workshop on NLP Challenges in the Information Explosion Era (NLPIX 2010)
WS,W10-40,Proceedings of the 4th Workshop on Cross Lingual Information Access
WS,W10-41,CIPS-SIGHAN Joint Conference on Chinese Language Processing
WS,W10-42,Proceedings of the 6th International Natural Language Generation Conference
WS,W10-43,Proceedings of the SIGDIAL 2010 Conference
WS,W10-44,Proceedings of the 10th International Workshop on Tree Adjoining Grammar and Related Frameworks (TAG+10)
COLING,C18-1,Proceedings of the 27th International Conference on Computational Linguistics
COLING,C18-2,Proceedings of the 27th International Conference on Computational Linguistics: System Demonstrations
COLING,C18-3,Proceedings of the 27th International Conference on Computational Linguistics: Tutorial Abstracts
COLING,W18-38,Proceedings of the First Workshop on Linguistic Resources for Natural Language Processing
COLING,W18-39,"Proceedings of the Fifth Workshop on NLP for Similar Languages, Varieties and Dialects (VarDial 2018)"
COLING,W18-40,Proceedings of the Third Workshop on Semantic Deep Learning
COLING,W18-41,Proceedings of the First International Workshop on Language Cognition and Computational Models
COLING,W18-42,Proceedings of the First Workshop on Natural Language Processing for Internet Freedom
COLING,W18-43,Proceedings of the Workshop Events and Stories in the News 2018
COLING,W18-44,"Proceedings of the First Workshop on Trolling, Aggression and Cyberbullying (TRAC-2018)"
COLING,W18-45,"Proceedings of the Second Joint SIGHUM Workshop on Computational Linguistics for Cultural Heritage, Social Sciences, Humanities and Literature"
COLING,W18-47,Proceedings 14th Joint ACL - ISO Workshop on Interoperable Semantic Annotation
COLING,W18-48,Proceedings of the Workshop on Computational Modeling of Polysynthetic Languages
COLING,W18-49,"Proceedings of the Joint Workshop on Linguistic Annotation, Multiword Expressions and Constructions (LAW-MWE-CxG-2018)"
COLING,C16-1,"Proceedings of COLING 2016, the 26th International Conference on Computational Linguistics: Technical Papers"
COLING,C16-2,"Proceedings of COLING 2016, the 26th International Conference on Computational Linguistics: System Demonstrations"
COLING,C16-3,"Proceedings of COLING 2016, the 26th International Conference on Computational Linguistics: Tutorial Abstracts"
COLING,C14-1,"Proceedings of COLING 2014, the 25th International Conference on Computational Linguistics: Technical Papers"
COLING,C14-2,"Proceedings of COLING 2014, the 25th International Conference on Computational Linguistics: System Demonstrations"
COLING,C14-3,"Proceedings of COLING 2014, the 25th International Conference on Computational Linguistics: Tutorial Abstracts"
COLING,C12-1,Proceedings of COLING 2012
COLING,C12-2,Proceedings of COLING 2012: Posters
COLING,C12-3,Proceedings of COLING 2012: Demonstration Papers
COLING,C10-1,Proceedings of the 23rd International Conference on Computational Linguistics (Coling 2010)
COLING,C10-2,Coling 2010: Posters
COLING,C10-3,Coling 2010: Demonstrations
COLING,C10-4,Coling 2010: Paraphrases and Applications–Tutorial notes
COLING,C10-5,Coling 2010: Kernel Engineering for Fast and Easy Design of Natural Language Applications–Tutorial notes
IJCNLP,I17-1,Proceedings of the Eighth International Joint Conference on Natural Language Processing (Volume 1: Long Papers)
IJCNLP,I17-2,Proceedings of the Eighth International Joint Conference on Natural Language Processing (Volume 2: Short Papers)
IJCNLP,I17-3,"Proceedings of the IJCNLP 2017, System Demonstrations"
IJCNLP,I17-4,"Proceedings of the IJCNLP 2017, Shared Tasks"
IJCNLP,I17-5,"Proceedings of the IJCNLP 2017, Tutorial Abstracts"
IJCNLP,P15-1,Proceedings of the 53rd Annual Meeting of the Association for Computational Linguistics and the 7th International Joint Conference on Natural Language Processing (Volume 1: Long Papers)
IJCNLP,P15-2,Proceedings of the 53rd Annual Meeting of the Association for Computational Linguistics and the 7th International Joint Conference on Natural Language Processing (Volume 2: Short Papers)
IJCNLP,P15-3,Proceedings of the ACL-IJCNLP 2015 Student Research Workshop
IJCNLP,P15-4,Proceedings of ACL-IJCNLP 2015 System Demonstrations
IJCNLP,P15-5,Proceedings of the 53rd Annual Meeting of the Association for Computational Linguistics and the 7th International Joint Conference on Natural Language Processing: Tutorial Abstracts
IJCNLP,I13-1,Proceedings of the Sixth International Joint Conference on Natural Language Processing
IJCNLP,I13-2,The Companion Volume of the Proceedings of IJCNLP 2013: System Demonstrations
IJCNLP,I11-1,Proceedings of 5th International Joint Conference on Natural Language Processing
IJCNLP,I11-2,Proceedings of the IJCNLP 2011 System Demonstrations
